{"cameraMode":{"drawMode":0,"name":"Shaded","section":"Shading Mode"},"sceneLighting":true,"audioPlay":false,"sceneViewState":{"showFog":false,"showMaterialUpdate":false,"showSkybox":false,"showFlares":false,"showImageEffects":false,"showParticleSystems":false},"in2DMode":false,"pivot":{"x":-2.7431564331054689,"y":-1.6368869543075562,"z":6.660501956939697},"rotation":{"x":-0.13627077639102937,"y":0.2503202259540558,"z":-0.035606447607278827,"w":-0.9579006433486939},"size":12.11557674407959,"orthographic":false}