{"cameraMode":{"drawMode":0,"name":"Shaded","section":"Shading Mode"},"sceneLighting":true,"audioPlay":false,"sceneViewState":{"showFog":false,"showMaterialUpdate":false,"showSkybox":false,"showFlares":false,"showImageEffects":false,"showParticleSystems":false},"in2DMode":false,"pivot":{"x":-28.564186096191408,"y":-3.6252923011779787,"z":-1.937381386756897},"rotation":{"x":0.06753049790859223,"y":-0.7379114627838135,"z":0.07462457567453385,"w":0.6674214601516724},"size":33.600257873535159,"orthographic":false}