{"cameraMode":{"drawMode":0,"name":"Shaded","section":"Shading Mode"},"sceneLighting":true,"audioPlay":false,"sceneViewState":{"showFog":false,"showMaterialUpdate":false,"showSkybox":false,"showFlares":false,"showImageEffects":false,"showParticleSystems":false},"in2DMode":false,"pivot":{"x":-12.288509368896485,"y":-1.1534227132797242,"z":-13.6182222366333},"rotation":{"x":0.018650297075510026,"y":-0.9579675793647766,"z":0.06358669698238373,"w":0.2793749272823334},"size":29.804075241088868,"orthographic":false}