{"cameraMode":{"drawMode":0,"name":"Shaded","section":"Shading Mode"},"sceneLighting":true,"audioPlay":false,"sceneViewState":{"showFog":false,"showMaterialUpdate":false,"showSkybox":false,"showFlares":false,"showImageEffects":false,"showParticleSystems":false},"in2DMode":false,"pivot":{"x":-14.745186805725098,"y":-0.40826845169067385,"z":5.591030120849609},"rotation":{"x":-0.07429901510477066,"y":0.5835424065589905,"z":-0.05371800810098648,"w":-0.806926965713501},"size":16.252586364746095,"orthographic":false}