{"cameraMode":{"drawMode":0,"name":"Shaded","section":"Shading Mode"},"sceneLighting":true,"audioPlay":false,"sceneViewState":{"showFog":false,"showMaterialUpdate":false,"showSkybox":false,"showFlares":false,"showImageEffects":false,"showParticleSystems":false},"in2DMode":false,"pivot":{"x":-5.899458885192871,"y":-7.07313871383667,"z":27.3553466796875},"rotation":{"x":0.1666291058063507,"y":-0.10187547653913498,"z":0.017290238291025163,"w":0.9806350469589233},"size":29.804075241088868,"orthographic":false}