{"cameraMode":{"drawMode":0,"name":"Shaded","section":"Shading Mode"},"sceneLighting":true,"audioPlay":false,"sceneViewState":{"showFog":false,"showMaterialUpdate":false,"showSkybox":false,"showFlares":false,"showImageEffects":false,"showParticleSystems":false},"in2DMode":false,"pivot":{"x":-9.582684516906739,"y":-1.1358470916748047,"z":2.3358585834503176},"rotation":{"x":-0.1413862705230713,"y":0.6774755120277405,"z":-0.13508369028568269,"w":-0.7090959548950195},"size":15.305644989013672,"orthographic":false}